<?xml version="1.0" encoding="UTF-8"?>
<project-private xmlns="http://www.netbeans.org/ns/project-private/1">
    <editor-bookmarks xmlns="http://www.netbeans.org/ns/editor-bookmarks/2" lastBookmarkId="0"/>
    <open-files xmlns="http://www.netbeans.org/ns/projectui-open-files/2">
        <group>
            <file>file:/G:/from%20documents/BankingApplication/BankingApplication/BankingApplication/src/bankingapplication/transferorderdetails.java</file>
            <file>file:/G:/from%20documents/BankingApplication/BankingApplication/BankingApplication/src/bankingapplication/transferdetails.java</file>
            <file>file:/G:/from%20documents/BankingApplication/BankingApplication/BankingApplication/src/bankingapplication/forpass.java</file>
            <file>file:/G:/from%20documents/BankingApplication/BankingApplication/BankingApplication/src/bankingapplication/operationdetails.java</file>
            <file>file:/G:/from%20documents/BankingApplication/BankingApplication/BankingApplication/src/bankingapplication/withdraw.java</file>
            <file>file:/G:/from%20documents/BankingApplication/BankingApplication/BankingApplication/src/bankingapplication/aboutme.java</file>
            <file>file:/G:/from%20documents/BankingApplication/BankingApplication/BankingApplication/src/bankingapplication/searchaccount.java</file>
            <file>file:/G:/from%20documents/BankingApplication/BankingApplication/BankingApplication/src/bankingapplication/Connect.java</file>
            <file>file:/G:/from%20documents/BankingApplication/BankingApplication/BankingApplication/src/bankingapplication/login.java</file>
            <file>file:/G:/from%20documents/BankingApplication/BankingApplication/BankingApplication/src/bankingapplication/aboutbank.java</file>
            <file>file:/G:/from%20documents/BankingApplication/BankingApplication/BankingApplication/src/bankingapplication/withdrawdetails.java</file>
            <file>file:/G:/from%20documents/BankingApplication/BankingApplication/BankingApplication/src/bankingapplication/aboutdeveloper.java</file>
            <file>file:/G:/from%20documents/BankingApplication/BankingApplication/BankingApplication/src/bankingapplication/search.java</file>
            <file>file:/G:/from%20documents/BankingApplication/BankingApplication/BankingApplication/src/bankingapplication/BankingApplication.java</file>
            <file>file:/G:/from%20documents/BankingApplication/BankingApplication/BankingApplication/src/bankingapplication/allclients.java</file>
            <file>file:/G:/from%20documents/BankingApplication/BankingApplication/BankingApplication/src/bankingapplication/main.java</file>
            <file>file:/G:/from%20documents/BankingApplication/BankingApplication/BankingApplication/src/bankingapplication/alluser.java</file>
            <file>file:/G:/from%20documents/BankingApplication/BankingApplication/BankingApplication/src/bankingapplication/forgetpassword.java</file>
            <file>file:/G:/from%20documents/BankingApplication/BankingApplication/BankingApplication/src/bankingapplication/changestyle.java</file>
            <file>file:/G:/from%20documents/BankingApplication/BankingApplication/BankingApplication/src/bankingapplication/transfer.java</file>
            <file>file:/G:/from%20documents/BankingApplication/BankingApplication/BankingApplication/src/bankingapplication/deposit.java</file>
            <file>file:/G:/from%20documents/BankingApplication/BankingApplication/BankingApplication/src/bankingapplication/depositdetails.java</file>
            <file>file:/G:/from%20documents/BankingApplication/BankingApplication/BankingApplication/src/bankingapplication/user.java</file>
            <file>file:/G:/from%20documents/BankingApplication/BankingApplication/BankingApplication/src/bankingapplication/TransferOrder.java</file>
            <file>file:/G:/from%20documents/BankingApplication/BankingApplication/BankingApplication/src/bankingapplication/account.java</file>
        </group>
    </open-files>
</project-private>
